,model,throughput,response_length,latency,energy,gpu,task,parameters_count,energy_per_token,dtype,optimization,quantization,cuda-fp16,Average,ARC,HellaSwag,MMLU,TruthfulQA,Winogrande,GSM8K,Precision,#Params (B),Flagged,MoE
0,EleutherAI/gpt-neox-20b,27.4,256,9.34,3013.632,NVIDIA A100-SXM4-80GB,chat,20.0,0.00327,float16,,gptq-4bit+exllama-v1,False,41.69,45.73,73.45,25.0,31.61,68.9,5.46,float16,20.74,False,False
1,EleutherAI/gpt-neox-20b,25.6,256,10.0,2995.2,NVIDIA A100-SXM4-80GB,chat,20.0,0.00325,float16,,awq-4bit+gemv,False,41.69,45.73,73.45,25.0,31.61,68.9,5.46,float16,20.74,False,False
2,EleutherAI/gpt-neox-20b,27.5,256,9.32,2598.912,NVIDIA A100-SXM4-80GB,chat,20.0,0.00282,float16,,gptq-4bit+exllama-v2,False,41.69,45.73,73.45,25.0,31.61,68.9,5.46,float16,20.74,False,False
3,EleutherAI/gpt-neox-20b,23.5,256,10.9,3216.384,NVIDIA A100-SXM4-80GB,chat,20.0,0.00349,float16,,awq-4bit+gemm,False,41.69,45.73,73.45,25.0,31.61,68.9,5.46,float16,20.74,False,False
4,EleutherAI/pythia-12b,36.6,256,6.99,2101.2480000000005,NVIDIA A100-SXM4-80GB,chat,12.0,0.00228,float16,,gptq-4bit+exllama-v1,False,38.82,39.59,68.82,26.76,31.85,64.17,1.74,float16,12.0,False,False
5,EleutherAI/pythia-12b,35.3,256,7.25,2082.816,NVIDIA A100-SXM4-80GB,chat,12.0,0.00226,float16,,awq-4bit+gemv,False,38.82,39.59,68.82,26.76,31.85,64.17,1.74,float16,12.0,False,False
6,EleutherAI/pythia-12b,37.7,256,6.79,1797.12,NVIDIA A100-SXM4-80GB,chat,12.0,0.00195,float16,,gptq-4bit+exllama-v2,False,38.82,39.59,68.82,26.76,31.85,64.17,1.74,float16,12.0,False,False
7,EleutherAI/pythia-12b,32.9,256,7.79,2221.056,NVIDIA A100-SXM4-80GB,chat,12.0,0.00241,float16,,awq-4bit+gemm,False,38.82,39.59,68.82,26.76,31.85,64.17,1.74,float16,12.0,False,False
8,EleutherAI/pythia-12b-deduped,36.6,256,7.0,2082.816,NVIDIA A100-SXM4-80GB,chat,12.0,0.00226,float16,,gptq-4bit+exllama-v1,False,39.7,41.38,70.26,25.63,33.0,66.46,1.44,float16,12.0,False,False
9,EleutherAI/pythia-12b-deduped,35.7,256,7.18,2128.896,NVIDIA A100-SXM4-80GB,chat,12.0,0.00231,float16,,awq-4bit+gemv,False,39.7,41.38,70.26,25.63,33.0,66.46,1.44,float16,12.0,False,False
10,EleutherAI/pythia-12b-deduped,37.6,256,6.8,1806.336,NVIDIA A100-SXM4-80GB,chat,12.0,0.00196,float16,,gptq-4bit+exllama-v2,False,39.7,41.38,70.26,25.63,33.0,66.46,1.44,float16,12.0,False,False
11,EleutherAI/pythia-12b-deduped,33.0,256,7.76,2202.6240000000003,NVIDIA A100-SXM4-80GB,chat,12.0,0.00239,float16,,awq-4bit+gemm,False,39.7,41.38,70.26,25.63,33.0,66.46,1.44,float16,12.0,False,False
12,EleutherAI/polyglot-ko-12.8b,33.4,256,7.67,2313.216,NVIDIA A100-SXM4-80GB,chat,12.8,0.00251,float16,,gptq-4bit+exllama-v1,False,33.33,27.05,51.68,26.64,34.69,59.75,0.15,float16,13.06,False,False
13,EleutherAI/polyglot-ko-12.8b,31.4,256,8.16,2368.512,NVIDIA A100-SXM4-80GB,chat,12.8,0.00257,float16,,awq-4bit+gemv,False,33.33,27.05,51.68,26.64,34.69,59.75,0.15,float16,13.06,False,False
14,EleutherAI/polyglot-ko-12.8b,33.8,256,7.57,1990.656,NVIDIA A100-SXM4-80GB,chat,12.8,0.00216,float16,,gptq-4bit+exllama-v2,False,33.33,27.05,51.68,26.64,34.69,59.75,0.15,float16,13.06,False,False
15,EleutherAI/polyglot-ko-12.8b,29.4,256,8.72,2506.752,NVIDIA A100-SXM4-80GB,chat,12.8,0.0027199999999999,float16,,awq-4bit+gemm,False,33.33,27.05,51.68,26.64,34.69,59.75,0.15,float16,13.06,False,False
16,DevaMalla/llama-base-7b,39.1,256,6.54,1815.5520000000004,NVIDIA A100-SXM4-80GB,chat,7.0,0.00197,float16,,gptq-4bit+exllama-v1,False,45.62,50.94,77.8,35.67,34.34,71.43,3.56,float16,6.61,False,False
17,DevaMalla/llama-base-7b,41.3,256,6.2,1631.232,NVIDIA A100-SXM4-80GB,chat,7.0,0.00177,float16,,awq-4bit+gemv,False,45.62,50.94,77.8,35.67,34.34,71.43,3.56,float16,6.61,False,False
18,DevaMalla/llama-base-7b,28.4,256,9.02,2368.512,NVIDIA A100-SXM4-80GB,chat,7.0,0.00257,float16,,gptq-4bit,True,45.62,50.94,77.8,35.67,34.34,71.43,3.56,float16,6.61,False,False
19,DevaMalla/llama-base-7b,39.6,256,6.46,1631.232,NVIDIA A100-SXM4-80GB,chat,7.0,0.00177,float16,,gptq-4bit+exllama-v2,False,45.62,50.94,77.8,35.67,34.34,71.43,3.56,float16,6.61,False,False
20,DevaMalla/llama-base-7b,37.0,256,6.91,1806.336,NVIDIA A100-SXM4-80GB,chat,7.0,0.00196,float16,,awq-4bit+gemm,False,45.62,50.94,77.8,35.67,34.34,71.43,3.56,float16,6.61,False,False
21,NYTK/PULI-GPTrio,41.0,256,6.25,1723.392,NVIDIA A100-SXM4-80GB,chat,7.67,0.00187,float16,,gptq-4bit+exllama-v1,False,34.42,30.72,53.49,24.73,39.03,57.77,0.76,float16,0.0,False,False
22,NYTK/PULI-GPTrio,39.0,256,6.56,1787.904,NVIDIA A100-SXM4-80GB,chat,7.67,0.00194,float16,,awq-4bit+gemv,False,34.42,30.72,53.49,24.73,39.03,57.77,0.76,float16,0.0,False,False
23,NYTK/PULI-GPTrio,40.6,256,6.31,1622.016,NVIDIA A100-SXM4-80GB,chat,7.67,0.00176,float16,,gptq-4bit+exllama-v2,False,34.42,30.72,53.49,24.73,39.03,57.77,0.76,float16,0.0,False,False
24,NYTK/PULI-GPTrio,36.7,256,6.98,1870.848,NVIDIA A100-SXM4-80GB,chat,7.67,0.00203,float16,,awq-4bit+gemm,False,34.42,30.72,53.49,24.73,39.03,57.77,0.76,float16,0.0,False,False
25,meta-llama/Llama-2-7b-hf,40.1,256,6.38,1751.04,NVIDIA A100-SXM4-80GB,chat,7.0,0.0019,float16,,gptq-4bit+exllama-v1,False,50.97,53.07,78.59,46.87,38.76,74.03,14.48,float16,6.74,False,False
26,meta-llama/Llama-2-7b-hf,40.0,256,6.4,1714.176,NVIDIA A100-SXM4-80GB,chat,7.0,0.0018599999999999,float16,,awq-4bit+gemv,False,50.97,53.07,78.59,46.87,38.76,74.03,14.48,float16,6.74,False,False
27,meta-llama/Llama-2-7b-hf,28.5,256,8.99,2433.024,NVIDIA A100-SXM4-80GB,chat,7.0,0.00264,float16,,gptq-4bit,True,50.97,53.07,78.59,46.87,38.76,74.03,14.48,float16,6.74,False,False
28,meta-llama/Llama-2-7b-hf,39.7,256,6.45,1594.368,NVIDIA A100-SXM4-80GB,chat,7.0,0.00173,float16,,gptq-4bit+exllama-v2,False,50.97,53.07,78.59,46.87,38.76,74.03,14.48,float16,6.74,False,False
29,meta-llama/Llama-2-7b-hf,36.3,256,7.05,1833.984,NVIDIA A100-SXM4-80GB,chat,7.0,0.00199,float16,,awq-4bit+gemm,False,50.97,53.07,78.59,46.87,38.76,74.03,14.48,float16,6.74,False,False
30,meta-llama/Llama-2-13b-hf,31.8,256,8.06,2451.456,NVIDIA A100-SXM4-80GB,chat,13.0,0.00266,float16,,gptq-4bit+exllama-v1,False,55.69,59.39,82.13,55.77,37.38,76.64,22.82,float16,13.02,False,False
31,meta-llama/Llama-2-13b-hf,32.3,256,7.93,2285.568,NVIDIA A100-SXM4-80GB,chat,13.0,0.00248,float16,,awq-4bit+gemv,False,55.69,59.39,82.13,55.77,37.38,76.64,22.82,float16,13.02,False,False
32,meta-llama/Llama-2-13b-hf,23.3,256,11.0,3170.304,NVIDIA A100-SXM4-80GB,chat,13.0,0.00344,float16,,gptq-4bit,True,55.69,59.39,82.13,55.77,37.38,76.64,22.82,float16,13.02,False,False
33,meta-llama/Llama-2-13b-hf,31.9,256,8.02,2119.68,NVIDIA A100-SXM4-80GB,chat,13.0,0.0023,float16,,gptq-4bit+exllama-v2,False,55.69,59.39,82.13,55.77,37.38,76.64,22.82,float16,13.02,False,False
34,meta-llama/Llama-2-13b-hf,28.5,256,8.98,2497.536,NVIDIA A100-SXM4-80GB,chat,13.0,0.0027099999999999,float16,,awq-4bit+gemm,False,55.69,59.39,82.13,55.77,37.38,76.64,22.82,float16,13.02,False,False
35,meta-llama/Llama-2-70b-hf,13.1,256,19.6,7483.392000000001,NVIDIA A100-SXM4-80GB,chat,70.0,0.00812,float16,,gptq-4bit+exllama-v1,False,67.87,67.32,87.33,69.83,44.92,83.74,54.06,float16,68.98,False,False
36,meta-llama/Llama-2-70b-hf,15.0,256,17.1,6580.224,NVIDIA A100-SXM4-80GB,chat,70.0,0.00714,float16,,awq-4bit+gemv,False,67.87,67.32,87.33,69.83,44.92,83.74,54.06,float16,68.98,False,False
37,meta-llama/Llama-2-70b-hf,14.4,256,17.8,5621.76,NVIDIA A100-SXM4-80GB,chat,70.0,0.0061,float16,,gptq-4bit+exllama-v2,False,67.87,67.32,87.33,69.83,44.92,83.74,54.06,float16,68.98,False,False
38,meta-llama/Llama-2-70b-hf,13.5,256,19.0,6700.031999999999,NVIDIA A100-SXM4-80GB,chat,70.0,0.0072699999999999,float16,,awq-4bit+gemm,False,67.87,67.32,87.33,69.83,44.92,83.74,54.06,float16,68.98,False,False
39,mistralai/Mistral-7B-v0.1,31.7,256,8.08,2156.544,NVIDIA A100-SXM4-80GB,chat,7.0,0.00234,float16,,gptq-4bit+exllama-v1,False,60.97,59.98,83.31,64.16,42.15,78.37,37.83,float16,7.24,False,False
40,mistralai/Mistral-7B-v0.1,32.7,256,7.83,1999.872,NVIDIA A100-SXM4-80GB,chat,7.0,0.00217,float16,,awq-4bit+gemv,False,60.97,59.98,83.31,64.16,42.15,78.37,37.83,float16,7.24,False,False
41,mistralai/Mistral-7B-v0.1,32.7,256,7.82,1953.792,NVIDIA A100-SXM4-80GB,chat,7.0,0.00212,float16,,gptq-4bit+exllama-v2,False,60.97,59.98,83.31,64.16,42.15,78.37,37.83,float16,7.24,False,False
42,mistralai/Mistral-7B-v0.1,30.9,256,8.29,2138.112,NVIDIA A100-SXM4-80GB,chat,7.0,0.00232,float16,,awq-4bit+gemm,False,60.97,59.98,83.31,64.16,42.15,78.37,37.83,float16,7.24,False,False
43,matsuo-lab/weblab-10b,36.4,256,7.04,1999.872,NVIDIA A100-SXM4-80GB,chat,10.0,0.00217,float16,,gptq-4bit+exllama-v1,False,38.59,39.51,65.76,26.29,36.02,62.51,1.44,float16,10.0,False,False
44,matsuo-lab/weblab-10b,35.0,256,7.31,2092.032,NVIDIA A100-SXM4-80GB,chat,10.0,0.00227,float16,,awq-4bit+gemv,False,38.59,39.51,65.76,26.29,36.02,62.51,1.44,float16,10.0,False,False
45,matsuo-lab/weblab-10b,28.0,256,9.14,2525.184,NVIDIA A100-SXM4-80GB,chat,10.0,0.00274,float16,,gptq-4bit,True,38.59,39.51,65.76,26.29,36.02,62.51,1.44,float16,10.0,False,False
46,matsuo-lab/weblab-10b,37.3,256,6.86,1852.416,NVIDIA A100-SXM4-80GB,chat,10.0,0.0020099999999999,float16,,gptq-4bit+exllama-v2,False,38.59,39.51,65.76,26.29,36.02,62.51,1.44,float16,10.0,False,False
47,matsuo-lab/weblab-10b,32.7,256,7.84,2165.76,NVIDIA A100-SXM4-80GB,chat,10.0,0.00235,float16,,awq-4bit+gemm,False,38.59,39.51,65.76,26.29,36.02,62.51,1.44,float16,10.0,False,False
48,augmxnt/shisa-base-7b-v1,32.4,256,7.91,2128.896,NVIDIA A100-SXM4-80GB,chat,7.0,0.00231,float16,,gptq-4bit+exllama-v1,False,51.64,52.3,77.63,23.12,42.4,78.53,35.86,bfloat16,7.96,False,False
49,augmxnt/shisa-base-7b-v1,34.1,256,7.5,2009.088,NVIDIA A100-SXM4-80GB,chat,7.0,0.00218,float16,,awq-4bit+gemv,False,51.64,52.3,77.63,23.12,42.4,78.53,35.86,bfloat16,7.96,False,False
50,augmxnt/shisa-base-7b-v1,24.2,256,10.6,2893.824,NVIDIA A100-SXM4-80GB,chat,7.0,0.00314,float16,,gptq-4bit,True,51.64,52.3,77.63,23.12,42.4,78.53,35.86,bfloat16,7.96,False,False
51,augmxnt/shisa-base-7b-v1,32.4,256,7.89,1990.656,NVIDIA A100-SXM4-80GB,chat,7.0,0.00216,float16,,gptq-4bit+exllama-v2,False,51.64,52.3,77.63,23.12,42.4,78.53,35.86,bfloat16,7.96,False,False
52,augmxnt/shisa-base-7b-v1,29.5,256,8.69,2193.4080000000004,NVIDIA A100-SXM4-80GB,chat,7.0,0.00238,float16,,awq-4bit+gemm,False,51.64,52.3,77.63,23.12,42.4,78.53,35.86,bfloat16,7.96,False,False
53,AI-Sweden-Models/gpt-sw3-40b,23.1,256,11.1,4165.632,NVIDIA A100-SXM4-80GB,chat,40.0,0.00452,float16,,gptq-4bit+exllama-v1,False,43.42,43.0,72.37,34.97,37.52,67.96,4.7,float16,39.93,False,False
54,AI-Sweden-Models/gpt-sw3-40b,16.4,256,15.6,5299.2,NVIDIA A100-SXM4-80GB,chat,40.0,0.00575,float16,,awq-4bit+gemv,False,43.42,43.0,72.37,34.97,37.52,67.96,4.7,float16,39.93,False,False
55,AI-Sweden-Models/gpt-sw3-40b,16.5,256,15.5,5326.848,NVIDIA A100-SXM4-80GB,chat,40.0,0.0057799999999999,float16,,awq-4bit+gemm,False,43.42,43.0,72.37,34.97,37.52,67.96,4.7,float16,39.93,False,False
56,AI-Sweden-Models/gpt-sw3-20b,34.7,256,7.37,2515.9680000000003,NVIDIA A100-SXM4-80GB,chat,20.0,0.00273,float16,,gptq-4bit+exllama-v1,False,40.71,41.81,68.75,28.47,37.1,67.17,0.99,bfloat16,20.92,False,False
57,AI-Sweden-Models/gpt-sw3-20b,27.0,256,9.49,3050.496,NVIDIA A100-SXM4-80GB,chat,20.0,0.00331,float16,,awq-4bit+gemv,False,40.71,41.81,68.75,28.47,37.1,67.17,0.99,bfloat16,20.92,False,False
58,AI-Sweden-Models/gpt-sw3-20b,27.1,256,9.46,3068.928,NVIDIA A100-SXM4-80GB,chat,20.0,0.00333,float16,,awq-4bit+gemm,False,40.71,41.81,68.75,28.47,37.1,67.17,0.99,bfloat16,20.92,False,False
59,uukuguy/Orca-2-7b-f16,40.1,256,6.39,1760.256,NVIDIA A100-SXM4-80GB,chat,7.0,0.00191,float16,,gptq-4bit+exllama-v1,False,30.15,29.61,25.62,26.7,48.36,50.59,0.0,float16,7.0,False,True
60,uukuguy/Orca-2-7b-f16,39.9,256,6.42,1695.744,NVIDIA A100-SXM4-80GB,chat,7.0,0.00184,float16,,awq-4bit+gemv,False,30.15,29.61,25.62,26.7,48.36,50.59,0.0,float16,7.0,False,True
61,uukuguy/Orca-2-7b-f16,27.9,256,9.19,2377.728,NVIDIA A100-SXM4-80GB,chat,7.0,0.00258,float16,,gptq-4bit,True,30.15,29.61,25.62,26.7,48.36,50.59,0.0,float16,7.0,False,True
62,uukuguy/Orca-2-7b-f16,40.1,256,6.38,1622.016,NVIDIA A100-SXM4-80GB,chat,7.0,0.00176,float16,,gptq-4bit+exllama-v2,False,30.15,29.61,25.62,26.7,48.36,50.59,0.0,float16,7.0,False,True
63,uukuguy/Orca-2-7b-f16,36.5,256,7.01,1861.632,NVIDIA A100-SXM4-80GB,chat,7.0,0.00202,float16,,awq-4bit+gemm,False,30.15,29.61,25.62,26.7,48.36,50.59,0.0,float16,7.0,False,True
64,01-ai/Yi-34B,19.4,256,13.2,4654.08,NVIDIA A100-SXM4-80GB,chat,34.0,0.00505,float16,,gptq-4bit+exllama-v1,False,69.42,64.59,85.69,76.35,56.23,83.03,50.64,bfloat16,34.39,False,True
65,01-ai/Yi-34B,19.8,256,12.9,4285.4400000000005,NVIDIA A100-SXM4-80GB,chat,34.0,0.00465,float16,,awq-4bit+gemv,False,69.42,64.59,85.69,76.35,56.23,83.03,50.64,bfloat16,34.39,False,True
66,01-ai/Yi-34B,19.0,256,13.5,3852.288,NVIDIA A100-SXM4-80GB,chat,34.0,0.00418,float16,,gptq-4bit+exllama-v2,False,69.42,64.59,85.69,76.35,56.23,83.03,50.64,bfloat16,34.39,False,True
67,01-ai/Yi-34B,17.8,256,14.4,4589.568,NVIDIA A100-SXM4-80GB,chat,34.0,0.00498,float16,,awq-4bit+gemm,False,69.42,64.59,85.69,76.35,56.23,83.03,50.64,bfloat16,34.39,False,True
68,scb10x/typhoon-7b,32.0,256,8.0,2128.896,NVIDIA A100-SXM4-80GB,chat,7.0,0.00231,float16,,gptq-4bit+exllama-v1,False,58.05,58.53,81.55,59.54,40.52,76.56,31.61,float16,7.0,False,False
69,scb10x/typhoon-7b,33.9,256,7.56,2009.088,NVIDIA A100-SXM4-80GB,chat,7.0,0.00218,float16,,awq-4bit+gemv,False,58.05,58.53,81.55,59.54,40.52,76.56,31.61,float16,7.0,False,False
70,scb10x/typhoon-7b,32.2,256,7.94,1981.44,NVIDIA A100-SXM4-80GB,chat,7.0,0.00215,float16,,gptq-4bit+exllama-v2,False,58.05,58.53,81.55,59.54,40.52,76.56,31.61,float16,7.0,False,False
71,TheBloke/Llama-2-13B-fp16,31.6,256,8.1,2423.808,NVIDIA A100-SXM4-80GB,chat,13.0,0.00263,float16,,gptq-4bit+exllama-v1,False,53.67,59.3,82.15,55.67,37.39,76.64,10.84,float16,13.0,False,False
72,TheBloke/Llama-2-13B-fp16,33.1,256,7.74,2294.784,NVIDIA A100-SXM4-80GB,chat,13.0,0.00249,float16,,awq-4bit+gemv,False,53.67,59.3,82.15,55.67,37.39,76.64,10.84,float16,13.0,False,False
73,TheBloke/Llama-2-13B-fp16,22.5,256,11.4,3262.464,NVIDIA A100-SXM4-80GB,chat,13.0,0.00354,float16,,gptq-4bit,True,53.67,59.3,82.15,55.67,37.39,76.64,10.84,float16,13.0,False,False
74,TheBloke/Llama-2-13B-fp16,31.6,256,8.11,2138.112,NVIDIA A100-SXM4-80GB,chat,13.0,0.00232,float16,,gptq-4bit+exllama-v2,False,53.67,59.3,82.15,55.67,37.39,76.64,10.84,float16,13.0,False,False
75,TheBloke/Llama-2-13B-fp16,28.9,256,8.86,2525.184,NVIDIA A100-SXM4-80GB,chat,13.0,0.00274,float16,,awq-4bit+gemm,False,53.67,59.3,82.15,55.67,37.39,76.64,10.84,float16,13.0,False,False
76,Salesforce/codegen-16B-nl,26.2,256,9.76,2930.688,NVIDIA A100-SXM4-80GB,chat,16.0,0.00318,float16,,gptq-4bit+exllama-v1,False,42.59,46.76,71.87,32.35,33.95,67.96,2.65,float16,16.0,False,False
77,Salesforce/codegen-16B-nl,25.6,256,10.0,2875.3920000000003,NVIDIA A100-SXM4-80GB,chat,16.0,0.00312,float16,,awq-4bit+gemv,False,42.59,46.76,71.87,32.35,33.95,67.96,2.65,float16,16.0,False,False
78,Salesforce/codegen-16B-nl,26.1,256,9.79,2534.4,NVIDIA A100-SXM4-80GB,chat,16.0,0.00275,float16,,gptq-4bit+exllama-v2,False,42.59,46.76,71.87,32.35,33.95,67.96,2.65,float16,16.0,False,False
79,Salesforce/codegen-16B-nl,24.4,256,10.5,2939.904,NVIDIA A100-SXM4-80GB,chat,16.0,0.00319,float16,,awq-4bit+gemm,False,42.59,46.76,71.87,32.35,33.95,67.96,2.65,float16,16.0,False,False
80,Writer/palmyra-large,34.9,256,7.34,2515.9680000000003,NVIDIA A100-SXM4-80GB,chat,20.0,0.00273,float16,,gptq-4bit+exllama-v1,False,42.09,44.97,71.85,28.54,35.93,67.88,3.41,float16,0.0,False,False
81,Writer/palmyra-large,27.2,256,9.42,2985.984,NVIDIA A100-SXM4-80GB,chat,20.0,0.00324,float16,,awq-4bit+gemv,False,42.09,44.97,71.85,28.54,35.93,67.88,3.41,float16,0.0,False,False
82,Writer/palmyra-large,27.2,256,9.42,3022.848,NVIDIA A100-SXM4-80GB,chat,20.0,0.00328,float16,,awq-4bit+gemm,False,42.09,44.97,71.85,28.54,35.93,67.88,3.41,float16,0.0,False,False
83,sarvamai/OpenHathi-7B-Hi-v0.1-Base,39.3,256,6.52,1751.04,NVIDIA A100-SXM4-80GB,chat,7.0,0.0019,float16,,gptq-4bit+exllama-v1,False,46.64,49.49,74.34,41.38,37.46,71.27,5.91,float16,6.87,False,False
84,sarvamai/OpenHathi-7B-Hi-v0.1-Base,40.9,256,6.26,1760.256,NVIDIA A100-SXM4-80GB,chat,7.0,0.00191,float16,,awq-4bit+gemv,False,46.64,49.49,74.34,41.38,37.46,71.27,5.91,float16,6.87,False,False
85,sarvamai/OpenHathi-7B-Hi-v0.1-Base,28.4,256,9.02,2433.024,NVIDIA A100-SXM4-80GB,chat,7.0,0.00264,float16,,gptq-4bit,True,46.64,49.49,74.34,41.38,37.46,71.27,5.91,float16,6.87,False,False
86,sarvamai/OpenHathi-7B-Hi-v0.1-Base,39.4,256,6.49,1612.8,NVIDIA A100-SXM4-80GB,chat,7.0,0.00175,float16,,gptq-4bit+exllama-v2,False,46.64,49.49,74.34,41.38,37.46,71.27,5.91,float16,6.87,False,False
87,sarvamai/OpenHathi-7B-Hi-v0.1-Base,35.4,256,7.23,1935.36,NVIDIA A100-SXM4-80GB,chat,7.0,0.0021,float16,,awq-4bit+gemm,False,46.64,49.49,74.34,41.38,37.46,71.27,5.91,float16,6.87,False,False
88,deepseek-ai/deepseek-llm-67b-base,12.0,256,21.3,7833.6,NVIDIA A100-SXM4-80GB,chat,67.0,0.0085,float16,,gptq-4bit+exllama-v1,False,69.38,65.44,87.1,71.78,51.08,84.14,56.71,bfloat16,67.0,False,False
89,deepseek-ai/deepseek-llm-67b-base,12.1,256,21.1,6276.0960000000005,NVIDIA A100-SXM4-80GB,chat,67.0,0.00681,float16,,gptq-4bit+exllama-v2,False,69.38,65.44,87.1,71.78,51.08,84.14,56.71,bfloat16,67.0,False,False
90,deepseek-ai/deepseek-llm-67b-base,11.2,256,22.8,7492.608,NVIDIA A100-SXM4-80GB,chat,67.0,0.00813,float16,,awq-4bit+gemm,False,69.38,65.44,87.1,71.78,51.08,84.14,56.71,bfloat16,67.0,False,False
91,cyberagent/calm2-7b-chat,39.3,256,6.51,1769.4719999999998,NVIDIA A100-SXM4-80GB,chat,7.0,0.0019199999999999,float16,,gptq-4bit+exllama-v1,False,43.27,40.27,68.12,39.39,41.96,64.96,4.93,bfloat16,7.0,False,False
92,cyberagent/calm2-7b-chat,40.8,256,6.27,1760.256,NVIDIA A100-SXM4-80GB,chat,7.0,0.00191,float16,,awq-4bit+gemv,False,43.27,40.27,68.12,39.39,41.96,64.96,4.93,bfloat16,7.0,False,False
93,cyberagent/calm2-7b-chat,28.6,256,8.96,2396.16,NVIDIA A100-SXM4-80GB,chat,7.0,0.0026,float16,,gptq-4bit,True,43.27,40.27,68.12,39.39,41.96,64.96,4.93,bfloat16,7.0,False,False
94,cyberagent/calm2-7b-chat,39.0,256,6.57,1658.88,NVIDIA A100-SXM4-80GB,chat,7.0,0.0018,float16,,gptq-4bit+exllama-v2,False,43.27,40.27,68.12,39.39,41.96,64.96,4.93,bfloat16,7.0,False,False
95,cyberagent/calm2-7b-chat,36.4,256,7.04,1880.064,NVIDIA A100-SXM4-80GB,chat,7.0,0.00204,float16,,awq-4bit+gemm,False,43.27,40.27,68.12,39.39,41.96,64.96,4.93,bfloat16,7.0,False,False
96,Kunhao/pile-7b-250b-tokens,37.1,256,6.9,1870.848,NVIDIA A100-SXM4-80GB,chat,7.0,0.00203,float16,,gptq-4bit+exllama-v1,False,32.44,29.27,46.29,25.25,40.49,52.8,0.53,bfloat16,7.0,False,False
97,Kunhao/pile-7b-250b-tokens,37.0,256,6.92,1797.12,NVIDIA A100-SXM4-80GB,chat,7.0,0.00195,float16,,awq-4bit+gemv,False,32.44,29.27,46.29,25.25,40.49,52.8,0.53,bfloat16,7.0,False,False
98,Kunhao/pile-7b-250b-tokens,26.4,256,9.68,2525.184,NVIDIA A100-SXM4-80GB,chat,7.0,0.00274,float16,,gptq-4bit,True,32.44,29.27,46.29,25.25,40.49,52.8,0.53,bfloat16,7.0,False,False
99,Kunhao/pile-7b-250b-tokens,36.6,256,6.99,1704.96,NVIDIA A100-SXM4-80GB,chat,7.0,0.00185,float16,,gptq-4bit+exllama-v2,False,32.44,29.27,46.29,25.25,40.49,52.8,0.53,bfloat16,7.0,False,False
100,Kunhao/pile-7b-250b-tokens,33.9,256,7.56,1990.656,NVIDIA A100-SXM4-80GB,chat,7.0,0.00216,float16,,awq-4bit+gemm,False,32.44,29.27,46.29,25.25,40.49,52.8,0.53,bfloat16,7.0,False,False
101,cerebras/Cerebras-GPT-13B,44.6,256,5.74,1870.848,NVIDIA A100-SXM4-80GB,chat,13.0,0.00203,float16,,gptq-4bit+exllama-v1,False,37.4,38.14,60.01,25.92,39.19,59.83,1.29,float16,13.0,False,False
102,cerebras/Cerebras-GPT-13B,36.3,256,7.06,2202.6240000000003,NVIDIA A100-SXM4-80GB,chat,13.0,0.00239,float16,,awq-4bit+gemv,False,37.4,38.14,60.01,25.92,39.19,59.83,1.29,float16,13.0,False,False
103,cerebras/Cerebras-GPT-13B,33.4,256,7.67,2368.512,NVIDIA A100-SXM4-80GB,chat,13.0,0.00257,float16,,gptq-4bit,True,37.4,38.14,60.01,25.92,39.19,59.83,1.29,float16,13.0,False,False
104,cerebras/Cerebras-GPT-13B,36.8,256,6.96,2193.4080000000004,NVIDIA A100-SXM4-80GB,chat,13.0,0.00238,float16,,awq-4bit+gemm,False,37.4,38.14,60.01,25.92,39.19,59.83,1.29,float16,13.0,False,False
105,itsliupeng/openllama-7b-base,39.6,256,6.47,1751.04,NVIDIA A100-SXM4-80GB,chat,7.0,0.0019,float16,,gptq-4bit+exllama-v1,False,47.09,46.16,76.4,42.82,36.65,70.88,9.63,bfloat16,7.0,False,False
106,itsliupeng/openllama-7b-base,41.0,256,6.25,1704.96,NVIDIA A100-SXM4-80GB,chat,7.0,0.00185,float16,,awq-4bit+gemv,False,47.09,46.16,76.4,42.82,36.65,70.88,9.63,bfloat16,7.0,False,False
107,itsliupeng/openllama-7b-base,28.3,256,9.04,2414.592,NVIDIA A100-SXM4-80GB,chat,7.0,0.00262,float16,,gptq-4bit,True,47.09,46.16,76.4,42.82,36.65,70.88,9.63,bfloat16,7.0,False,False
108,itsliupeng/openllama-7b-base,37.9,256,6.75,1603.584,NVIDIA A100-SXM4-80GB,chat,7.0,0.00174,float16,,gptq-4bit+exllama-v2,False,47.09,46.16,76.4,42.82,36.65,70.88,9.63,bfloat16,7.0,False,False
109,itsliupeng/openllama-7b-base,35.4,256,7.24,1935.36,NVIDIA A100-SXM4-80GB,chat,7.0,0.0021,float16,,awq-4bit+gemm,False,47.09,46.16,76.4,42.82,36.65,70.88,9.63,bfloat16,7.0,False,False
110,itsliupeng/openllama-7b-icl,39.0,256,6.57,1797.12,NVIDIA A100-SXM4-80GB,chat,7.0,0.00195,float16,,gptq-4bit+exllama-v1,False,47.93,47.95,77.04,44.37,37.06,70.17,10.99,bfloat16,7.0,False,False
111,itsliupeng/openllama-7b-icl,39.4,256,6.5,1677.312,NVIDIA A100-SXM4-80GB,chat,7.0,0.00182,float16,,awq-4bit+gemv,False,47.93,47.95,77.04,44.37,37.06,70.17,10.99,bfloat16,7.0,False,False
112,itsliupeng/openllama-7b-icl,39.6,256,6.46,1640.448,NVIDIA A100-SXM4-80GB,chat,7.0,0.00178,float16,,gptq-4bit+exllama-v2,False,47.93,47.95,77.04,44.37,37.06,70.17,10.99,bfloat16,7.0,False,False
113,itsliupeng/openllama-7b-icl,36.7,256,6.97,1852.416,NVIDIA A100-SXM4-80GB,chat,7.0,0.0020099999999999,float16,,awq-4bit+gemm,False,47.93,47.95,77.04,44.37,37.06,70.17,10.99,bfloat16,7.0,False,False
114,tiiuae/falcon-40b,15.1,256,16.9,5686.272,NVIDIA A100-SXM4-80GB,chat,40.0,0.00617,float16,,gptq-4bit+exllama-v1,False,58.07,61.86,85.28,56.89,41.65,81.29,21.46,float16,40.0,False,False
115,tiiuae/falcon-40b,17.4,256,14.7,4829.184,NVIDIA A100-SXM4-80GB,chat,40.0,0.00524,float16,,awq-4bit+gemv,False,58.07,61.86,85.28,56.89,41.65,81.29,21.46,float16,40.0,False,False
116,tiiuae/falcon-40b,16.1,256,15.9,4967.424,NVIDIA A100-SXM4-80GB,chat,40.0,0.00539,float16,,awq-4bit+gemm,False,58.07,61.86,85.28,56.89,41.65,81.29,21.46,float16,40.0,False,False
117,facebook/xglm-7.5B,51.9,256,4.93,1456.128,NVIDIA A100-SXM4-80GB,chat,7.5,0.0015799999999999,float16,,gptq-4bit+exllama-v1,False,36.38,34.13,60.77,27.79,36.66,58.72,0.23,float16,7.5,False,False
118,facebook/xglm-7.5B,49.6,256,5.16,1492.992,NVIDIA A100-SXM4-80GB,chat,7.5,0.00162,float16,,awq-4bit+gemv,False,36.38,34.13,60.77,27.79,36.66,58.72,0.23,float16,7.5,False,False
119,facebook/xglm-7.5B,52.8,256,4.85,1299.456,NVIDIA A100-SXM4-80GB,chat,7.5,0.00141,float16,,gptq-4bit+exllama-v2,False,36.38,34.13,60.77,27.79,36.66,58.72,0.23,float16,7.5,False,False
120,facebook/xglm-7.5B,43.2,256,5.93,1668.096,NVIDIA A100-SXM4-80GB,chat,7.5,0.00181,float16,,awq-4bit+gemm,False,36.38,34.13,60.77,27.79,36.66,58.72,0.23,float16,7.5,False,False
121,chargoddard/Yi-34B-Llama,19.4,256,13.2,4626.432,NVIDIA A100-SXM4-80GB,chat,34.0,0.00502,float16,,gptq-4bit+exllama-v1,False,70.95,64.59,85.63,76.31,55.6,82.79,60.8,bfloat16,34.39,False,False
122,chargoddard/Yi-34B-Llama,19.8,256,12.9,4340.736,NVIDIA A100-SXM4-80GB,chat,34.0,0.00471,float16,,awq-4bit+gemv,False,70.95,64.59,85.63,76.31,55.6,82.79,60.8,bfloat16,34.39,False,False
123,chargoddard/Yi-34B-Llama,19.4,256,13.2,3815.424,NVIDIA A100-SXM4-80GB,chat,34.0,0.00414,float16,,gptq-4bit+exllama-v2,False,70.95,64.59,85.63,76.31,55.6,82.79,60.8,bfloat16,34.39,False,False
124,chargoddard/Yi-34B-Llama,18.0,256,14.2,4515.84,NVIDIA A100-SXM4-80GB,chat,34.0,0.0049,float16,,awq-4bit+gemm,False,70.95,64.59,85.63,76.31,55.6,82.79,60.8,bfloat16,34.39,False,False
125,chargoddard/llama-2-26b-trenchcoat-stack,15.7,256,16.3,4866.048,NVIDIA A100-SXM4-80GB,chat,26.0,0.00528,float16,,gptq-4bit+exllama-v1,False,51.13,55.03,79.9,53.73,40.48,74.74,2.88,float16,25.7,False,False
126,chargoddard/llama-2-26b-trenchcoat-stack,16.2,256,15.8,4626.432,NVIDIA A100-SXM4-80GB,chat,26.0,0.00502,float16,,awq-4bit+gemv,False,51.13,55.03,79.9,53.73,40.48,74.74,2.88,float16,25.7,False,False
127,chargoddard/llama-2-26b-trenchcoat-stack,16.0,256,16.0,4202.496000000001,NVIDIA A100-SXM4-80GB,chat,26.0,0.00456,float16,,gptq-4bit+exllama-v2,False,51.13,55.03,79.9,53.73,40.48,74.74,2.88,float16,25.7,False,False
128,chargoddard/llama-2-26b-trenchcoat-stack,14.7,256,17.4,5022.72,NVIDIA A100-SXM4-80GB,chat,26.0,0.00545,float16,,awq-4bit+gemm,False,51.13,55.03,79.9,53.73,40.48,74.74,2.88,float16,25.7,False,False
129,bigscience/bloom-7b1,54.1,256,4.73,1382.4,NVIDIA A100-SXM4-80GB,chat,7.0,0.0015,float16,,gptq-4bit+exllama-v1,False,39.18,41.13,62.0,26.25,38.9,65.43,1.36,float16,7.07,False,False
130,bigscience/bloom-7b1,51.2,256,5.0,1419.264,NVIDIA A100-SXM4-80GB,chat,7.0,0.00154,float16,,awq-4bit+gemv,False,39.18,41.13,62.0,26.25,38.9,65.43,1.36,float16,7.07,False,False
131,bigscience/bloom-7b1,54.0,256,4.74,1253.376,NVIDIA A100-SXM4-80GB,chat,7.0,0.0013599999999999,float16,,gptq-4bit+exllama-v2,False,39.18,41.13,62.0,26.25,38.9,65.43,1.36,float16,7.07,False,False
132,bigscience/bloom-7b1,47.4,256,5.4,1529.856,NVIDIA A100-SXM4-80GB,chat,7.0,0.00166,float16,,awq-4bit+gemm,False,39.18,41.13,62.0,26.25,38.9,65.43,1.36,float16,7.07,False,False
133,seungduk/KoSOLAR-10.7B-v0.1,24.2,256,10.6,2893.824,NVIDIA A100-SXM4-80GB,chat,10.7,0.00314,float16,,gptq-4bit+exllama-v1,False,66.04,62.03,84.54,65.56,45.03,83.58,55.5,float16,10.86,False,False
134,seungduk/KoSOLAR-10.7B-v0.1,25.1,256,10.2,2727.936,NVIDIA A100-SXM4-80GB,chat,10.7,0.00296,float16,,awq-4bit+gemv,False,66.04,62.03,84.54,65.56,45.03,83.58,55.5,float16,10.86,False,False
135,seungduk/KoSOLAR-10.7B-v0.1,24.6,256,10.4,2700.288,NVIDIA A100-SXM4-80GB,chat,10.7,0.00293,float16,,gptq-4bit+exllama-v2,False,66.04,62.03,84.54,65.56,45.03,83.58,55.5,float16,10.86,False,False
136,seungduk/KoSOLAR-10.7B-v0.1,22.5,256,11.4,3004.416,NVIDIA A100-SXM4-80GB,chat,10.7,0.00326,float16,,awq-4bit+gemm,False,66.04,62.03,84.54,65.56,45.03,83.58,55.5,float16,10.86,False,False
137,TurkuNLP/gpt3-finnish-13B,41.2,256,6.22,2009.088,NVIDIA A100-SXM4-80GB,chat,13.0,0.00218,float16,,gptq-4bit+exllama-v1,False,32.95,24.66,46.76,23.49,44.47,58.01,0.3,float16,13.0,False,False
138,TurkuNLP/gpt3-finnish-13B,39.4,256,6.49,2018.304,NVIDIA A100-SXM4-80GB,chat,13.0,0.00219,float16,,awq-4bit+gemv,False,32.95,24.66,46.76,23.49,44.47,58.01,0.3,float16,13.0,False,False
139,TurkuNLP/gpt3-finnish-13B,41.4,256,6.18,1732.608,NVIDIA A100-SXM4-80GB,chat,13.0,0.00188,float16,,gptq-4bit+exllama-v2,False,32.95,24.66,46.76,23.49,44.47,58.01,0.3,float16,13.0,False,False
140,TurkuNLP/gpt3-finnish-13B,36.7,256,6.97,2147.328,NVIDIA A100-SXM4-80GB,chat,13.0,0.00233,float16,,awq-4bit+gemm,False,32.95,24.66,46.76,23.49,44.47,58.01,0.3,float16,13.0,False,False
141,rishiraj/CatPPT-base,32.1,256,7.98,2119.68,NVIDIA A100-SXM4-80GB,chat,7.24,0.0023,float16,,gptq-4bit+exllama-v1,False,72.25,67.92,86.64,65.26,61.72,81.29,70.66,float16,7.24,False,True
142,rishiraj/CatPPT-base,33.3,256,7.68,2018.304,NVIDIA A100-SXM4-80GB,chat,7.24,0.00219,float16,,awq-4bit+gemv,False,72.25,67.92,86.64,65.26,61.72,81.29,70.66,float16,7.24,False,True
143,rishiraj/CatPPT-base,32.3,256,7.92,1981.44,NVIDIA A100-SXM4-80GB,chat,7.24,0.00215,float16,,gptq-4bit+exllama-v2,False,72.25,67.92,86.64,65.26,61.72,81.29,70.66,float16,7.24,False,True
144,rishiraj/CatPPT-base,30.2,256,8.47,2156.544,NVIDIA A100-SXM4-80GB,chat,7.24,0.00234,float16,,awq-4bit+gemm,False,72.25,67.92,86.64,65.26,61.72,81.29,70.66,float16,7.24,False,True
145,stabilityai/japanese-stablelm-base-gamma-7b,32.1,256,7.98,2092.032,NVIDIA A100-SXM4-80GB,chat,7.0,0.00227,float16,,gptq-4bit+exllama-v1,False,52.59,50.34,77.47,54.75,41.2,73.95,17.82,bfloat16,7.24,False,False
146,stabilityai/japanese-stablelm-base-gamma-7b,33.3,256,7.68,1981.44,NVIDIA A100-SXM4-80GB,chat,7.0,0.00215,float16,,awq-4bit+gemv,False,52.59,50.34,77.47,54.75,41.2,73.95,17.82,bfloat16,7.24,False,False
147,stabilityai/japanese-stablelm-base-gamma-7b,32.9,256,7.78,1935.36,NVIDIA A100-SXM4-80GB,chat,7.0,0.0021,float16,,gptq-4bit+exllama-v2,False,52.59,50.34,77.47,54.75,41.2,73.95,17.82,bfloat16,7.24,False,False
148,stabilityai/japanese-stablelm-base-gamma-7b,30.1,256,8.51,2184.192,NVIDIA A100-SXM4-80GB,chat,7.0,0.00237,float16,,awq-4bit+gemm,False,52.59,50.34,77.47,54.75,41.2,73.95,17.82,bfloat16,7.24,False,False
149,stabilityai/stablelm-base-alpha-7b,79.3,256,3.23,1050.6240000000005,NVIDIA A100-SXM4-80GB,chat,7.0,0.00114,float16,,gptq-4bit+exllama-v1,False,34.37,32.0,51.78,26.21,40.19,55.41,0.61,float16,7.0,False,False
150,stabilityai/stablelm-base-alpha-7b,74.2,256,3.45,1087.4879999999998,NVIDIA A100-SXM4-80GB,chat,7.0,0.0011799999999999,float16,,awq-4bit+gemv,False,34.37,32.0,51.78,26.21,40.19,55.41,0.61,float16,7.0,False,False
151,stabilityai/stablelm-base-alpha-7b,79.3,256,3.23,906.8544,NVIDIA A100-SXM4-80GB,chat,7.0,0.000984,float16,,gptq-4bit+exllama-v2,False,34.37,32.0,51.78,26.21,40.19,55.41,0.61,float16,7.0,False,False
152,stabilityai/stablelm-base-alpha-7b,72.1,256,3.55,1096.7040000000002,NVIDIA A100-SXM4-80GB,chat,7.0,0.00119,float16,,awq-4bit+gemm,False,34.37,32.0,51.78,26.21,40.19,55.41,0.61,float16,7.0,False,False
153,huggyllama/llama-65b,13.5,256,18.9,7151.616,NVIDIA A100-SXM4-80GB,chat,65.0,0.00776,float16,,gptq-4bit+exllama-v1,False,62.79,63.48,86.09,63.93,43.43,82.56,37.23,float16,65.29,False,False
154,huggyllama/llama-65b,16.1,256,15.9,5087.232,NVIDIA A100-SXM4-80GB,chat,65.0,0.00552,float16,,gptq-4bit+exllama-v2,False,62.79,63.48,86.09,63.93,43.43,82.56,37.23,float16,65.29,False,False
155,huggyllama/llama-65b,14.7,256,17.4,6340.608,NVIDIA A100-SXM4-80GB,chat,65.0,0.00688,float16,,awq-4bit+gemm,False,62.79,63.48,86.09,63.93,43.43,82.56,37.23,float16,65.29,False,False
156,huggyllama/llama-13b,31.3,256,8.18,2506.752,NVIDIA A100-SXM4-80GB,chat,13.0,0.0027199999999999,float16,,gptq-4bit+exllama-v1,False,51.33,56.14,80.92,47.61,39.48,76.24,7.58,float16,13.02,False,False
157,huggyllama/llama-13b,31.8,256,8.05,2294.784,NVIDIA A100-SXM4-80GB,chat,13.0,0.00249,float16,,awq-4bit+gemv,False,51.33,56.14,80.92,47.61,39.48,76.24,7.58,float16,13.02,False,False
158,huggyllama/llama-13b,32.1,256,7.98,2119.68,NVIDIA A100-SXM4-80GB,chat,13.0,0.0023,float16,,gptq-4bit+exllama-v2,False,51.33,56.14,80.92,47.61,39.48,76.24,7.58,float16,13.02,False,False
159,huggyllama/llama-13b,29.0,256,8.82,2488.32,NVIDIA A100-SXM4-80GB,chat,13.0,0.0027,float16,,awq-4bit+gemm,False,51.33,56.14,80.92,47.61,39.48,76.24,7.58,float16,13.02,False,False
160,NucleusAI/nucleus-22B-token-500B,31.4,256,8.16,2829.312,NVIDIA A100-SXM4-80GB,chat,22.0,0.00307,float16,,gptq-4bit+exllama-v1,False,41.33,40.7,69.39,30.11,39.16,67.64,0.99,float16,21.83,False,False
161,NucleusAI/nucleus-22B-token-500B,32.2,256,7.96,2709.504,NVIDIA A100-SXM4-80GB,chat,22.0,0.00294,float16,,awq-4bit+gemv,False,41.33,40.7,69.39,30.11,39.16,67.64,0.99,float16,21.83,False,False
162,NucleusAI/nucleus-22B-token-500B,31.7,256,8.08,2350.0800000000004,NVIDIA A100-SXM4-80GB,chat,22.0,0.00255,float16,,gptq-4bit+exllama-v2,False,41.33,40.7,69.39,30.11,39.16,67.64,0.99,float16,21.83,False,False
163,NucleusAI/nucleus-22B-token-500B,29.0,256,8.83,2820.096,NVIDIA A100-SXM4-80GB,chat,22.0,0.00306,float16,,awq-4bit+gemm,False,41.33,40.7,69.39,30.11,39.16,67.64,0.99,float16,21.83,False,False
164,openlm-research/open_llama_7b_v2,37.4,256,6.85,1797.12,NVIDIA A100-SXM4-80GB,chat,7.0,0.00195,float16,,gptq-4bit+exllama-v1,False,44.26,43.69,72.2,41.29,35.54,69.38,3.49,float16,7.0,False,False
165,openlm-research/open_llama_7b_v2,39.7,256,6.45,1649.664,NVIDIA A100-SXM4-80GB,chat,7.0,0.00179,float16,,awq-4bit+gemv,False,44.26,43.69,72.2,41.29,35.54,69.38,3.49,float16,7.0,False,False
166,openlm-research/open_llama_7b_v2,28.3,256,9.04,2377.728,NVIDIA A100-SXM4-80GB,chat,7.0,0.00258,float16,,gptq-4bit,True,44.26,43.69,72.2,41.29,35.54,69.38,3.49,float16,7.0,False,False
167,openlm-research/open_llama_7b_v2,39.3,256,6.52,1649.664,NVIDIA A100-SXM4-80GB,chat,7.0,0.00179,float16,,gptq-4bit+exllama-v2,False,44.26,43.69,72.2,41.29,35.54,69.38,3.49,float16,7.0,False,False
168,openlm-research/open_llama_7b_v2,36.9,256,6.94,1870.848,NVIDIA A100-SXM4-80GB,chat,7.0,0.00203,float16,,awq-4bit+gemm,False,44.26,43.69,72.2,41.29,35.54,69.38,3.49,float16,7.0,False,False
169,openlm-research/open_llama_7b,39.9,256,6.42,1760.256,NVIDIA A100-SXM4-80GB,chat,7.0,0.00191,float16,,gptq-4bit+exllama-v1,False,42.31,47.01,71.98,30.49,34.85,67.96,1.59,float16,7.0,False,False
170,openlm-research/open_llama_7b,41.3,256,6.2,1695.744,NVIDIA A100-SXM4-80GB,chat,7.0,0.00184,float16,,awq-4bit+gemv,False,42.31,47.01,71.98,30.49,34.85,67.96,1.59,float16,7.0,False,False
171,openlm-research/open_llama_7b,28.3,256,9.06,2368.512,NVIDIA A100-SXM4-80GB,chat,7.0,0.00257,float16,,gptq-4bit,True,42.31,47.01,71.98,30.49,34.85,67.96,1.59,float16,7.0,False,False
172,openlm-research/open_llama_7b,38.9,256,6.58,1649.664,NVIDIA A100-SXM4-80GB,chat,7.0,0.00179,float16,,gptq-4bit+exllama-v2,False,42.31,47.01,71.98,30.49,34.85,67.96,1.59,float16,7.0,False,False
173,openlm-research/open_llama_7b,36.7,256,6.97,1843.2,NVIDIA A100-SXM4-80GB,chat,7.0,0.002,float16,,awq-4bit+gemm,False,42.31,47.01,71.98,30.49,34.85,67.96,1.59,float16,7.0,False,False
174,openlm-research/open_llama_13b,31.1,256,8.22,2442.24,NVIDIA A100-SXM4-80GB,chat,13.0,0.00265,float16,,gptq-4bit+exllama-v1,False,47.26,51.19,75.23,43.75,38.08,72.06,3.26,float16,13.0,False,False
175,openlm-research/open_llama_13b,32.6,256,7.85,2322.432,NVIDIA A100-SXM4-80GB,chat,13.0,0.00252,float16,,awq-4bit+gemv,False,47.26,51.19,75.23,43.75,38.08,72.06,3.26,float16,13.0,False,False
176,openlm-research/open_llama_13b,22.7,256,11.3,3216.384,NVIDIA A100-SXM4-80GB,chat,13.0,0.00349,float16,,gptq-4bit,True,47.26,51.19,75.23,43.75,38.08,72.06,3.26,float16,13.0,False,False
177,openlm-research/open_llama_13b,31.4,256,8.16,2138.112,NVIDIA A100-SXM4-80GB,chat,13.0,0.00232,float16,,gptq-4bit+exllama-v2,False,47.26,51.19,75.23,43.75,38.08,72.06,3.26,float16,13.0,False,False
178,openlm-research/open_llama_13b,28.8,256,8.89,2534.4,NVIDIA A100-SXM4-80GB,chat,13.0,0.00275,float16,,awq-4bit+gemm,False,47.26,51.19,75.23,43.75,38.08,72.06,3.26,float16,13.0,False,False
179,abhinand/tamil-llama-7b-base-v0.1,39.6,256,6.47,1797.12,NVIDIA A100-SXM4-80GB,chat,7.0,0.00195,float16,,gptq-4bit+exllama-v1,False,44.52,46.67,72.85,40.95,35.93,70.72,0.0,float16,7.0,False,False
180,abhinand/tamil-llama-7b-base-v0.1,40.9,256,6.26,1714.176,NVIDIA A100-SXM4-80GB,chat,7.0,0.0018599999999999,float16,,awq-4bit+gemv,False,44.52,46.67,72.85,40.95,35.93,70.72,0.0,float16,7.0,False,False
181,abhinand/tamil-llama-7b-base-v0.1,39.4,256,6.5,1649.664,NVIDIA A100-SXM4-80GB,chat,7.0,0.00179,float16,,gptq-4bit+exllama-v2,False,44.52,46.67,72.85,40.95,35.93,70.72,0.0,float16,7.0,False,False
182,abhinand/tamil-llama-7b-base-v0.1,35.0,256,7.31,1861.632,NVIDIA A100-SXM4-80GB,chat,7.0,0.00202,float16,,awq-4bit+gemm,False,44.52,46.67,72.85,40.95,35.93,70.72,0.0,float16,7.0,False,False
183,abhinand/tamil-llama-13b-base-v0.1,31.4,256,8.15,2442.24,NVIDIA A100-SXM4-80GB,chat,13.0,0.00265,float16,,gptq-4bit+exllama-v1,False,49.5,52.82,79.95,52.05,36.56,75.61,0.0,float16,13.0,False,False
184,abhinand/tamil-llama-13b-base-v0.1,32.6,256,7.85,2294.784,NVIDIA A100-SXM4-80GB,chat,13.0,0.00249,float16,,awq-4bit+gemv,False,49.5,52.82,79.95,52.05,36.56,75.61,0.0,float16,13.0,False,False
185,abhinand/tamil-llama-13b-base-v0.1,23.1,256,11.1,3225.6,NVIDIA A100-SXM4-80GB,chat,13.0,0.0035,float16,,gptq-4bit,True,49.5,52.82,79.95,52.05,36.56,75.61,0.0,float16,13.0,False,False
186,abhinand/tamil-llama-13b-base-v0.1,32.0,256,8.01,2110.464,NVIDIA A100-SXM4-80GB,chat,13.0,0.00229,float16,,gptq-4bit+exllama-v2,False,49.5,52.82,79.95,52.05,36.56,75.61,0.0,float16,13.0,False,False
187,abhinand/tamil-llama-13b-base-v0.1,29.4,256,8.72,2506.752,NVIDIA A100-SXM4-80GB,chat,13.0,0.0027199999999999,float16,,awq-4bit+gemm,False,49.5,52.82,79.95,52.05,36.56,75.61,0.0,float16,13.0,False,False
188,golaxy/gowizardlm,39.1,256,6.55,1797.12,NVIDIA A100-SXM4-80GB,chat,7.0,0.00195,float16,,gptq-4bit+exllama-v1,False,47.64,49.74,71.9,42.96,47.66,69.61,3.94,float16,0.0,False,False
189,golaxy/gowizardlm,38.6,256,6.63,1695.744,NVIDIA A100-SXM4-80GB,chat,7.0,0.00184,float16,,awq-4bit+gemv,False,47.64,49.74,71.9,42.96,47.66,69.61,3.94,float16,0.0,False,False
190,golaxy/gowizardlm,28.8,256,8.89,2377.728,NVIDIA A100-SXM4-80GB,chat,7.0,0.00258,float16,,gptq-4bit,True,47.64,49.74,71.9,42.96,47.66,69.61,3.94,float16,0.0,False,False
191,golaxy/gowizardlm,38.8,256,6.59,1640.448,NVIDIA A100-SXM4-80GB,chat,7.0,0.00178,float16,,gptq-4bit+exllama-v2,False,47.64,49.74,71.9,42.96,47.66,69.61,3.94,float16,0.0,False,False
192,golaxy/gowizardlm,36.4,256,7.03,1870.848,NVIDIA A100-SXM4-80GB,chat,7.0,0.00203,float16,,awq-4bit+gemm,False,47.64,49.74,71.9,42.96,47.66,69.61,3.94,float16,0.0,False,False
193,togethercomputer/RedPajama-INCITE-7B-Base,42.4,256,6.04,1668.096,NVIDIA A100-SXM4-80GB,chat,7.0,0.00181,float16,,gptq-4bit+exllama-v1,False,41.49,46.25,71.63,27.68,33.03,67.32,3.03,float16,7.0,False,False
194,togethercomputer/RedPajama-INCITE-7B-Base,39.0,256,6.57,1824.768,NVIDIA A100-SXM4-80GB,chat,7.0,0.00198,float16,,awq-4bit+gemv,False,41.49,46.25,71.63,27.68,33.03,67.32,3.03,float16,7.0,False,False
195,togethercomputer/RedPajama-INCITE-7B-Base,33.1,256,7.74,2092.032,NVIDIA A100-SXM4-80GB,chat,7.0,0.00227,float16,,gptq-4bit,True,41.49,46.25,71.63,27.68,33.03,67.32,3.03,float16,7.0,False,False
196,togethercomputer/RedPajama-INCITE-7B-Base,40.6,256,6.3,1529.856,NVIDIA A100-SXM4-80GB,chat,7.0,0.00166,float16,,gptq-4bit+exllama-v2,False,41.49,46.25,71.63,27.68,33.03,67.32,3.03,float16,7.0,False,False
197,togethercomputer/RedPajama-INCITE-7B-Base,36.6,256,7.0,1843.2,NVIDIA A100-SXM4-80GB,chat,7.0,0.002,float16,,awq-4bit+gemm,False,41.49,46.25,71.63,27.68,33.03,67.32,3.03,float16,7.0,False,False
198,togethercomputer/RedPajama-INCITE-Base-7B-v0.1,42.0,256,6.1,1658.88,NVIDIA A100-SXM4-80GB,chat,7.0,0.0018,float16,,gptq-4bit+exllama-v1,False,41.25,46.25,71.63,27.68,33.03,67.32,1.59,float16,6.65,False,False
199,togethercomputer/RedPajama-INCITE-Base-7B-v0.1,40.1,256,6.39,1751.04,NVIDIA A100-SXM4-80GB,chat,7.0,0.0019,float16,,awq-4bit+gemv,False,41.25,46.25,71.63,27.68,33.03,67.32,1.59,float16,6.65,False,False
200,togethercomputer/RedPajama-INCITE-Base-7B-v0.1,32.7,256,7.83,2073.6000000000004,NVIDIA A100-SXM4-80GB,chat,7.0,0.00225,float16,,gptq-4bit,True,41.25,46.25,71.63,27.68,33.03,67.32,1.59,float16,6.65,False,False
201,togethercomputer/RedPajama-INCITE-Base-7B-v0.1,41.8,256,6.12,1529.856,NVIDIA A100-SXM4-80GB,chat,7.0,0.00166,float16,,gptq-4bit+exllama-v2,False,41.25,46.25,71.63,27.68,33.03,67.32,1.59,float16,6.65,False,False
202,togethercomputer/RedPajama-INCITE-Base-7B-v0.1,37.2,256,6.88,1806.336,NVIDIA A100-SXM4-80GB,chat,7.0,0.00196,float16,,awq-4bit+gemm,False,41.25,46.25,71.63,27.68,33.03,67.32,1.59,float16,6.65,False,False
203,Devio/test-22B,30.5,256,8.39,2783.2319999999995,NVIDIA A100-SXM4-80GB,chat,22.0,0.0030199999999999,float16,,gptq-4bit+exllama-v1,False,37.71,39.42,64.51,27.13,37.13,57.7,0.38,bfloat16,21.83,False,False
204,Devio/test-22B,32.1,256,7.97,2654.208,NVIDIA A100-SXM4-80GB,chat,22.0,0.0028799999999999,float16,,awq-4bit+gemv,False,37.71,39.42,64.51,27.13,37.13,57.7,0.38,bfloat16,21.83,False,False
205,Devio/test-22B,31.8,256,8.05,2313.216,NVIDIA A100-SXM4-80GB,chat,22.0,0.00251,float16,,gptq-4bit+exllama-v2,False,37.71,39.42,64.51,27.13,37.13,57.7,0.38,bfloat16,21.83,False,False
206,Devio/test-22B,28.4,256,9.0,2847.744,NVIDIA A100-SXM4-80GB,chat,22.0,0.00309,float16,,awq-4bit+gemm,False,37.71,39.42,64.51,27.13,37.13,57.7,0.38,bfloat16,21.83,False,False
207,internlm/internlm-20b,17.3,256,14.8,4396.032,NVIDIA A100-SXM4-80GB,chat,20.0,0.00477,float16,,gptq-4bit+exllama-v1,False,59.55,60.49,82.13,61.85,52.61,76.72,23.5,float16,20.0,False,False
208,internlm/internlm-20b,17.8,256,14.4,4193.28,NVIDIA A100-SXM4-80GB,chat,20.0,0.0045499999999999,float16,,awq-4bit+gemv,False,59.55,60.49,82.13,61.85,52.61,76.72,23.5,float16,20.0,False,False
209,internlm/internlm-20b,15.8,256,16.2,4506.624,NVIDIA A100-SXM4-80GB,chat,20.0,0.0048899999999999,float16,,awq-4bit+gemm,False,59.55,60.49,82.13,61.85,52.61,76.72,23.5,float16,20.0,False,False
210,Delcos/Starling-LM-11B-alpha,21.0,256,12.2,3299.328,NVIDIA A100-SXM4-80GB,chat,11.0,0.00358,float16,,gptq-4bit+exllama-v1,False,63.66,62.97,84.85,63.83,54.52,77.82,37.98,float16,11.39,False,False
211,Delcos/Starling-LM-11B-alpha,21.3,256,12.0,3115.008,NVIDIA A100-SXM4-80GB,chat,11.0,0.0033799999999999,float16,,awq-4bit+gemv,False,63.66,62.97,84.85,63.83,54.52,77.82,37.98,float16,11.39,False,False
212,Delcos/Starling-LM-11B-alpha,20.8,256,12.3,3078.144,NVIDIA A100-SXM4-80GB,chat,11.0,0.00334,float16,,gptq-4bit+exllama-v2,False,63.66,62.97,84.85,63.83,54.52,77.82,37.98,float16,11.39,False,False
213,Delcos/Starling-LM-11B-alpha,19.7,256,13.0,3382.272,NVIDIA A100-SXM4-80GB,chat,11.0,0.00367,float16,,awq-4bit+gemm,False,63.66,62.97,84.85,63.83,54.52,77.82,37.98,float16,11.39,False,False
214,upstage/SOLAR-10.7B-v1.0,24.4,256,10.5,2903.04,NVIDIA A100-SXM4-80GB,chat,10.7,0.00315,float16,,gptq-4bit+exllama-v1,False,66.04,61.95,84.6,65.48,45.04,83.66,55.5,float16,10.73,False,True
215,upstage/SOLAR-10.7B-v1.0,25.1,256,10.2,2727.936,NVIDIA A100-SXM4-80GB,chat,10.7,0.00296,float16,,awq-4bit+gemv,False,66.04,61.95,84.6,65.48,45.04,83.66,55.5,float16,10.73,False,True
216,upstage/SOLAR-10.7B-v1.0,24.2,256,10.6,2672.6400000000003,NVIDIA A100-SXM4-80GB,chat,10.7,0.0029,float16,,gptq-4bit+exllama-v2,False,66.04,61.95,84.6,65.48,45.04,83.66,55.5,float16,10.73,False,True
217,upstage/SOLAR-10.7B-v1.0,22.3,256,11.5,2912.256,NVIDIA A100-SXM4-80GB,chat,10.7,0.0031599999999999,float16,,awq-4bit+gemm,False,66.04,61.95,84.6,65.48,45.04,83.66,55.5,float16,10.73,False,True
218,huggingface/llama-7b,38.0,256,6.73,1760.256,NVIDIA A100-SXM4-80GB,chat,7.0,0.00191,float16,,gptq-4bit+exllama-v1,False,45.65,51.02,77.82,35.71,34.33,71.43,3.56,float16,6.74,False,False
219,huggingface/llama-7b,39.9,256,6.41,1714.176,NVIDIA A100-SXM4-80GB,chat,7.0,0.0018599999999999,float16,,awq-4bit+gemv,False,45.65,51.02,77.82,35.71,34.33,71.43,3.56,float16,6.74,False,False
220,huggingface/llama-7b,28.1,256,9.1,2423.808,NVIDIA A100-SXM4-80GB,chat,7.0,0.00263,float16,,gptq-4bit,True,45.65,51.02,77.82,35.71,34.33,71.43,3.56,float16,6.74,False,False
221,huggingface/llama-7b,39.4,256,6.5,1631.232,NVIDIA A100-SXM4-80GB,chat,7.0,0.00177,float16,,gptq-4bit+exllama-v2,False,45.65,51.02,77.82,35.71,34.33,71.43,3.56,float16,6.74,False,False
222,huggingface/llama-7b,36.1,256,7.09,1898.496,NVIDIA A100-SXM4-80GB,chat,7.0,0.00206,float16,,awq-4bit+gemm,False,45.65,51.02,77.82,35.71,34.33,71.43,3.56,float16,6.74,False,False
223,huggingface/llama-65b,13.5,256,18.9,7123.968000000001,NVIDIA A100-SXM4-80GB,chat,65.0,0.00773,float16,,gptq-4bit+exllama-v1,False,61.19,63.48,86.09,63.93,43.43,82.56,27.67,float16,65.29,False,False
224,huggingface/llama-65b,15.6,256,16.4,5151.744,NVIDIA A100-SXM4-80GB,chat,65.0,0.0055899999999999,float16,,gptq-4bit+exllama-v2,False,61.19,63.48,86.09,63.93,43.43,82.56,27.67,float16,65.29,False,False
225,huggingface/llama-65b,14.5,256,17.7,6294.528,NVIDIA A100-SXM4-80GB,chat,65.0,0.00683,float16,,awq-4bit+gemm,False,61.19,63.48,86.09,63.93,43.43,82.56,27.67,float16,65.29,False,False
226,huggingface/llama-30b,21.3,256,12.0,4267.008,NVIDIA A100-SXM4-80GB,chat,30.0,0.00463,float16,,gptq-4bit+exllama-v1,False,56.94,61.26,84.73,58.47,42.27,80.03,14.86,float16,32.53,False,False
227,huggingface/llama-30b,21.7,256,11.8,3999.744,NVIDIA A100-SXM4-80GB,chat,30.0,0.00434,float16,,awq-4bit+gemv,False,56.94,61.26,84.73,58.47,42.27,80.03,14.86,float16,32.53,False,False
228,huggingface/llama-30b,21.3,256,12.0,3548.1600000000003,NVIDIA A100-SXM4-80GB,chat,30.0,0.00385,float16,,gptq-4bit+exllama-v2,False,56.94,61.26,84.73,58.47,42.27,80.03,14.86,float16,32.53,False,False
229,huggingface/llama-30b,19.4,256,13.2,4257.792,NVIDIA A100-SXM4-80GB,chat,30.0,0.00462,float16,,awq-4bit+gemm,False,56.94,61.26,84.73,58.47,42.27,80.03,14.86,float16,32.53,False,False
230,huggingface/llama-13b,31.3,256,8.19,2433.024,NVIDIA A100-SXM4-80GB,chat,13.0,0.00264,float16,,gptq-4bit+exllama-v1,False,51.36,56.23,80.93,47.67,39.48,76.24,7.58,float16,13.02,False,False
231,huggingface/llama-13b,32.7,256,7.83,2285.568,NVIDIA A100-SXM4-80GB,chat,13.0,0.00248,float16,,awq-4bit+gemv,False,51.36,56.23,80.93,47.67,39.48,76.24,7.58,float16,13.02,False,False
232,huggingface/llama-13b,22.9,256,11.2,3207.168,NVIDIA A100-SXM4-80GB,chat,13.0,0.00348,float16,,gptq-4bit,True,51.36,56.23,80.93,47.67,39.48,76.24,7.58,float16,13.02,False,False
233,huggingface/llama-13b,32.2,256,7.96,2174.976,NVIDIA A100-SXM4-80GB,chat,13.0,0.0023599999999999,float16,,gptq-4bit+exllama-v2,False,51.36,56.23,80.93,47.67,39.48,76.24,7.58,float16,13.02,False,False
234,huggingface/llama-13b,28.5,256,8.97,2534.4,NVIDIA A100-SXM4-80GB,chat,13.0,0.00275,float16,,awq-4bit+gemm,False,51.36,56.23,80.93,47.67,39.48,76.24,7.58,float16,13.02,False,False
235,fblgit/una-llama-7b,40.4,256,6.34,1732.608,NVIDIA A100-SXM4-80GB,chat,7.0,0.00188,float16,,gptq-4bit+exllama-v1,False,48.64,53.67,80.07,37.37,38.01,72.93,9.78,float16,6.74,False,False
236,fblgit/una-llama-7b,41.0,256,6.24,1686.528,NVIDIA A100-SXM4-80GB,chat,7.0,0.00183,float16,,awq-4bit+gemv,False,48.64,53.67,80.07,37.37,38.01,72.93,9.78,float16,6.74,False,False
237,fblgit/una-llama-7b,28.3,256,9.03,2386.9440000000004,NVIDIA A100-SXM4-80GB,chat,7.0,0.00259,float16,,gptq-4bit,True,48.64,53.67,80.07,37.37,38.01,72.93,9.78,float16,6.74,False,False
238,fblgit/una-llama-7b,39.6,256,6.46,1612.8,NVIDIA A100-SXM4-80GB,chat,7.0,0.00175,float16,,gptq-4bit+exllama-v2,False,48.64,53.67,80.07,37.37,38.01,72.93,9.78,float16,6.74,False,False
239,fblgit/una-llama-7b,35.8,256,7.15,1833.984,NVIDIA A100-SXM4-80GB,chat,7.0,0.00199,float16,,awq-4bit+gemm,False,48.64,53.67,80.07,37.37,38.01,72.93,9.78,float16,6.74,False,False
240,codellama/CodeLlama-7b-hf,39.0,256,6.56,1751.04,NVIDIA A100-SXM4-80GB,chat,7.0,0.0019,float16,,gptq-4bit+exllama-v1,False,39.81,39.93,60.8,31.12,37.82,64.01,5.16,4bit,6.74,False,False
241,codellama/CodeLlama-7b-hf,39.9,256,6.42,1695.744,NVIDIA A100-SXM4-80GB,chat,7.0,0.00184,float16,,awq-4bit+gemv,False,39.81,39.93,60.8,31.12,37.82,64.01,5.16,4bit,6.74,False,False
242,codellama/CodeLlama-7b-hf,29.0,256,8.83,2340.864,NVIDIA A100-SXM4-80GB,chat,7.0,0.0025399999999999,float16,,gptq-4bit,True,39.81,39.93,60.8,31.12,37.82,64.01,5.16,4bit,6.74,False,False
243,codellama/CodeLlama-7b-hf,39.5,256,6.48,1603.584,NVIDIA A100-SXM4-80GB,chat,7.0,0.00174,float16,,gptq-4bit+exllama-v2,False,39.81,39.93,60.8,31.12,37.82,64.01,5.16,4bit,6.74,False,False
244,codellama/CodeLlama-7b-hf,36.7,256,6.97,1870.848,NVIDIA A100-SXM4-80GB,chat,7.0,0.00203,float16,,awq-4bit+gemm,False,39.81,39.93,60.8,31.12,37.82,64.01,5.16,4bit,6.74,False,False
245,codellama/CodeLlama-13b-hf,32.3,256,7.92,2414.592,NVIDIA A100-SXM4-80GB,chat,13.0,0.00262,float16,,gptq-4bit+exllama-v1,False,43.35,40.87,63.35,32.81,43.79,67.17,12.13,float16,13.02,False,False
246,codellama/CodeLlama-13b-hf,32.9,256,7.79,2285.568,NVIDIA A100-SXM4-80GB,chat,13.0,0.00248,float16,,awq-4bit+gemv,False,43.35,40.87,63.35,32.81,43.79,67.17,12.13,float16,13.02,False,False
247,codellama/CodeLlama-13b-hf,31.7,256,8.07,2138.112,NVIDIA A100-SXM4-80GB,chat,13.0,0.00232,float16,,gptq-4bit+exllama-v2,False,43.35,40.87,63.35,32.81,43.79,67.17,12.13,float16,13.02,False,False
248,codellama/CodeLlama-13b-hf,29.0,256,8.82,2515.9680000000003,NVIDIA A100-SXM4-80GB,chat,13.0,0.00273,float16,,awq-4bit+gemm,False,43.35,40.87,63.35,32.81,43.79,67.17,12.13,float16,13.02,False,False
249,Deci/DeciLM-7B,38.2,256,6.7,1751.04,NVIDIA A100-SXM4-80GB,chat,7.0,0.0019,float16,,awq-4bit+gemv,False,61.55,59.39,82.51,59.76,40.33,79.95,47.38,float16,7.04,False,False
250,Deci/DeciLM-7B,34.5,256,7.42,1953.792,NVIDIA A100-SXM4-80GB,chat,7.0,0.00212,float16,,awq-4bit+gemm,False,61.55,59.39,82.51,59.76,40.33,79.95,47.38,float16,7.04,False,False
251,TencentARC/LLaMA-Pro-8B,33.5,256,7.64,2082.816,NVIDIA A100-SXM4-80GB,chat,8.0,0.00226,float16,,awq-4bit+gemv,False,51.67,53.75,77.91,47.49,38.86,74.19,17.82,bfloat16,8.36,False,False
252,TencentARC/LLaMA-Pro-8B,29.2,256,8.77,2285.568,NVIDIA A100-SXM4-80GB,chat,8.0,0.00248,float16,,awq-4bit+gemm,False,51.67,53.75,77.91,47.49,38.86,74.19,17.82,bfloat16,8.36,False,False
253,mosaicml/mpt-30b,38.5,256,6.65,2663.424,NVIDIA A100-SXM4-80GB,chat,30.0,0.0028899999999999,float16,,awq-4bit+gemv,False,52.77,55.97,82.42,48.0,38.42,74.9,16.91,float16,30.0,False,False
254,mosaicml/mpt-30b,33.9,256,7.55,2801.664,NVIDIA A100-SXM4-80GB,chat,30.0,0.00304,float16,,awq-4bit+gemm,False,52.77,55.97,82.42,48.0,38.42,74.9,16.91,float16,30.0,False,False
255,mosaicml/mpt-7b,61.5,256,4.16,1207.296,NVIDIA A100-SXM4-80GB,chat,7.0,0.00131,float16,,awq-4bit+gemv,False,44.28,47.7,77.57,30.8,33.44,72.14,4.02,float16,7.0,False,False
256,mosaicml/mpt-7b,55.5,256,4.61,1317.888,NVIDIA A100-SXM4-80GB,chat,7.0,0.00143,float16,,awq-4bit+gemm,False,44.28,47.7,77.57,30.8,33.44,72.14,4.02,float16,7.0,False,False
260,stabilityai/stablelm-base-alpha-7b-v2,41.5,256,6.17,1668.096,NVIDIA A100-SXM4-80GB,chat,7.0,0.00181,float16,,awq-4bit+gemv,False,46.18,47.35,77.08,45.1,36.46,68.51,2.58,float16,6.89,False,False
261,stabilityai/stablelm-base-alpha-7b-v2,38.6,256,6.63,1778.688,NVIDIA A100-SXM4-80GB,chat,7.0,0.00193,float16,,awq-4bit+gemm,False,46.18,47.35,77.08,45.1,36.46,68.51,2.58,float16,6.89,False,False
263,codellama/CodeLlama-34b-hf,24.4,256,10.5,3741.696,NVIDIA A100-SXM4-80GB,chat,34.0,0.00406,float16,,awq-4bit+gemv,False,55.28,54.18,75.82,54.92,39.11,73.32,34.34,float16,33.74,False,False
265,codellama/CodeLlama-34b-hf,22.7,256,11.3,3861.504,NVIDIA A100-SXM4-80GB,chat,34.0,0.0041899999999999,float16,,awq-4bit+gemm,False,55.28,54.18,75.82,54.92,39.11,73.32,34.34,float16,33.74,False,False
